uid,name,mima
u00000,Fx4RaL3g,123456
u00001,QgdwdxvJ,123456
u00002,vBO5FB,123456
u00003,EBm8B48,123456
u00004,cbjX3B,123456
u00005,PbSDJu,123456
u00006,r0AR3B,123456
u00007,IEApF,123456
u00008,BTOfZzt6,123456
u00009,uvP4b,123456
u00010,B96NEM3CNl,123456
u00011,kQKVdmpUp,123456
u00012,qaNIfG,123456
u00013,pfYiCP7,123456
u00014,e2jye,123456
u00015,B19wDZ9BKj,123456
u00016,sgHodpwL,123456
u00017,8HQ6q,123456
u00018,ZPuI0P,123456
u00019,1OdFi,123456
u00020,OVPI6tkLI,123456
u00021,48AoexjZk,123456
u00022,55t62bU5,123456
u00023,jOWbgY4q6,123456
u00024,WbqS6ibMYX,123456
u00025,rsnjtHU,123456
u00026,6Ybbi,123456
u00027,cO81qsUv,123456
u00028,szhEAdy,123456
u00029,8Tflrx39s,123456
u00030,EyodBk,123456
u00031,Nd5gXU,123456
u00032,N81d7fem,123456
u00033,H5xu1XoC5,123456
u00034,15iNwYVpd,123456
u00035,yNNhm0QE,123456
u00036,o4cKcj,123456
u00037,ZUeoS9IO5N,123456
u00038,tDoeFr5,123456
u00039,M085epna,123456
u00040,QY2jNKPF21,123456
u00041,aBVvQT4N,123456
u00042,VRLzv,123456
u00043,D2Xaa,123456
u00044,K6Ec39,123456
u00045,IBOgkdc,123456
u00046,KXhBaTNxx,123456
u00047,QJgzfX,123456
u00048,0lNHy,123456
u00049,5rRbxN,123456
u00050,alygDk9,123456
u00051,LbyqJ,123456
u00052,PnbcpA4,123456
u00053,w4Unc73iw,123456
u00054,NO1a3VdO,123456
u00055,3rhvOBG,123456
u00056,BDLVG,123456
u00057,OmUoh,123456
u00058,4rgiqf2Uq,123456
u00059,3Fno1xIAj,123456
u00060,2JtWkuSvO,123456
u00061,iI5Xqu0,123456
u00062,41iBh,123456
u00063,XNbxIOM,123456
u00064,NsVxhpijx,123456
u00065,DExQi,123456
u00066,4RTu6OE9CF,123456
u00067,j1jSg,123456
u00068,VFCSGfltj,123456
u00069,EXv1Bdj7,123456
u00070,tP5QP9xIR9,123456
u00071,696VfO,123456
u00072,o8RRPgq6n,123456
u00073,D0sTA,123456
u00074,85ARoL,123456
u00075,JAUrAM,123456
u00076,3ii83ZJaUX,123456
u00077,05eT57,123456
u00078,MMThMBz,123456
u00079,gXMElDNTw,123456
u00080,EFdaivA0,123456
u00081,iawesR,123456
u00082,RVTGjI,123456
u00083,B98x0oLER6,123456
u00084,0G3uS,123456
u00085,UXnHVkYv,123456
u00086,gCnRnKS8,123456
u00087,olrd8s3N,123456
u00088,gYcIzTrDZ,123456
u00089,6P1LqWdspD,123456
u00090,CTZX4YW4cW,123456
u00091,3QW0x9nrF,123456
u00092,ulnj5,123456
u00093,04Ex9TD5GY,123456
u00094,M7fIu9D,123456
u00095,3s0WwyypVl,123456
u00096,ExZUY,123456
u00097,YGSyxH,123456
u00098,b72xtJ,123456
u00099,pgfbX,123456
u00100,ph52TBjm,123456
